あ,あ,Ah,"",a
ああ,ああ,like that,"",aa
あびる,あびる,"to bathe,to shower","",abiru
危ない,あぶない,nguy hiểm,nguy,abunai
あっち,あっち,"phía kia, chỗ kia (cách nói thân mật của 「あちら」)","",acchi
あちら,あちら,"Phía kia, đằng kia, chỗ kia, kia (cách nói lịch sự của 「あそこ」)","",achira
アフリカ,アフリカ,châu Phi (Africa),"",afurika
上る,あがる,to rise,thượng,agaru
上げる,あげる,to give,thượng,ageru
あげる,あげる,to give,"",ageru
間,あいだ,giữa,gian,aida
あいさつ・する,あいさつ・する,to greet,"",aisatsu・suru
味,あじ,flavour,"ĐIỀU, ĐIỆU VỊ",aji
アジア,アジア,châu Á,"",ajia
赤,あか,red,"XÍCH, THÍCH ĐẠO, ĐÁO",aka
あかちゃん,あかちゃん,em bé,xích,akachan
赤い,あかい,đỏ,xích,akai
赤ん坊,あかんぼう,baby,"",akanbou
明い,あかるい,sáng ,minh,akarui
開ける,あける,to open,khai,akeru
秋,あき,mùa thu,thu,aki
空く,あく,"to open, to become empty",không,aku
開く,あく,"to open,to become open",khai,aku
アクセサリー,アクセサリー,accessory,"",akusesarii
甘い,あまい,ngọt,cam,amai
あまり,あまり,không ~ lắm,"",amari
飴,あめ,mưa,vũ,ame
雨,あめ,mưa,vũ,ame
アメリカ,アメリカ,Mỹ,"",amerika
あなた,あなた,"anh/ chị/ ông/ bà, bạn ngôi thứ 2 số ít)",quý phương,anata
アナウンサー,アナウンサー,announcer,"",anaunsaa
姉,あね,(humble) older sister,NGHĨA TỶ\TỈ,ane
兄,あに,(humble) older brother,THỰC HUYNH,ani
あんな,あんな,such,"",anna
案内,あんない・する,to guide,ÁN NỘI ,annai・suru
あの,あの,that over there,"",ano
あの,あの,um...,"",ano
安心,あんしん,relief,AN TÂM  ,anshin
安全,あんぜん,an toàn,an toàn,anzen
青,あお,blue,"THANH KHÔNG, KHỐNG, KHỔNG",ao
青い,あおい,xanh da trời,thanh,aoi
アパート,アパート,nhà chung cư,"",apaato
洗う,あらう,to wash,tẩy,arau
あれ,あれ,"cái kia, kia (vật ở xa cả người nói và người nghe)","",are
ある,ある,"to be,to have (used for inanimate objects)","",aru
アルバイト,アルバイト,part-time job,"",arubaito
アルコール,アルコール,alcohol,"",arukooru
歩く,あるく,to walk,bộ,aruku
朝,あさ,"buổi sáng, sáng",triều,asa
朝御飯,あさごはん,cơm sáng,triều phạn,asagohan
浅い,あさい,"shallow,superficial",thiển,asai
あさって,あさって,ngày kia,minh hậu nhật,asatte
足,あし,"foot,leg",MÃN TÚC ,ashi
明日,あした,ngày mai,minh nhật,ashita
遊び,あそび,play,du,asobi
遊ぶ,あそぶ,"to play,to make a visit",du,asobu
あそこ,あそこ,"chỗ kia, kia","",asoko
明日,あす,tomorrow,"MINH NHẬT, NHỰT",asu
頭,あたま,đầu,đầu,atama
新しい,あたらしい,mới,tân,atarashii
暖かい,あたたかい,ấm,ôn noãn,atatakai
後,あと,afterwards,"HẬU, HẤU TRÌNH",ato
厚い,あつい,nóng,thử nhiệt,atsui
熱い,あつい,nóng,thử nhiệt,atsui
暑い,あつい,nóng,thử nhiệt,atsui
集る,あつまる,to gather,tập,atsumaru
集める,あつめる,to collect something,tập,atsumeru
会う,あう,to meet,hội,au
合う,あう,to match,hợp,au
謝る,あやまる,to apologize,tạ,ayamaru
場合,ばあい,situation,"TRÀNG, TRƯỜNG HỢP, CÁP, HIỆP",baai
倍,ばい,double,"BỘI SỔ, SỐ, SÁC, XÚC",bai
晩,ばん,evening,TẠC VÃN,ban
晩御飯,ばんごはん,cơm tối,vãn phạn,bangohan
番号,ばんごう,"số (số điện thoại, số phòng)",phiên hiệu,bangou
番組,ばんぐみ,"chương trình (phát thanh, truyền hình)",phiên tổ,bangumi
場所,ばしょ,địa điểm,trường sở,basho
バス,バス,xe Buýt,"",basu
バター,バター,butter,"",bataa
ベッド,ベッド,giường,"",beddo
勉強,べんきょうする,to study,MIỄN CƯỜNG,benkyousuru
便利,べんり,"useful, convenient", TIỆN LỢI,benri
ベル,ベル,bell,"",beru
別,べつ,different,THỨC BIỆT,betsu
美術館,びじゅつかん,bảo tàng mỹ thuật,mĩ thuật quán,bijutsukan
びっくり・する,びっくり・する,to be surprised,"",bikkuri・suru
ビル,ビル,toà nhà,"",biru
僕,ぼく,"tớ (cách xưng thân mật của nam giới, cùng nghĩa với [わたし])",bộc,boku
ボールペン,ボールペン,ball-point pen,"",boorupen
ボタン,ボタン,nút,"",botan
貿易,ぼうえき,"thương mại quốc tế, mậu dịch",mậu dịch,boueki
帽子,ぼうし,mũ,mạo tử,boushi
部長,ぶちょう,trưởng phòng,bộ trưởng,buchou
ぶどう,ぶどう,grapes,"",budou
文学,ぶんがく,văn học,văn học,bungaku
文化,ぶんか,văn hóa,văn hóa,bunka
文法,ぶんぽう,ngữ pháp,văn pháp,bunpou
文章,ぶんしょう,"sentence,text","VĂN, VẤN CHƯƠNG",bunshou
豚肉,ぶたにく,pork, ,butaniku
病院,びょういん,bệnh viện,bệnh viện,byouin
病気,びょうき,"ốm, bệnh",bệnh khí,byouki
茶色,ちゃいろ,brown, TRÀ SẮC,chairo
ちゃん,ちゃん,suffix for familiar female person,"",chan
ちゃわん,ちゃわん,rice bowl,"",chawan
血,ち,blood,HUYẾT CHIẾN,chi
違う,ちがう,to differ,vi,chigau
小さい,ちいさい,"bé, nhỏ",tiểu,chiisai
小さな,ちいさな,little,tiểu,chiisana
近い,ちかい,gần,cận,chikai
近く,ちかく,gần,cận,chikaku
力,ちから,"sức lực, năng lực",lực,chikara
地下鉄,ちかてつ,tàu điện ngầm,địa hạ thiết,chikatetsu
地理,ちり,geography,ĐỊA LÍ,chiri
ちっとも,ちっとも,"chẳng ~ tí nào, không hề","",chittomo
地図,ちず,bản đồ,địa đồ,chizu
ちょっと,ちょっと,một chút,"",chotto
ちょうど,ちょうど,vừa đúng,"",choudo
中学校,ちゅうがっこう,"junior high school,middle school","",chuugakkou
注意,ちゅうい,caution,CHÚ Ý,chuui
注射,ちゅうしゃ,injection,"CHÚ XẠ, DẠ, DỊCH",chuusha
駐車場,ちゅうしゃじょう,parking lot, TRÚ XA TRƯỜNG    ,chuushajou
チェック・する,チェック・する,to check,"",chyekku・suru
大分,だいぶ,greatly,"ĐẠI, THÁI PHÂN, PHẬN",daibu
台所,だいどころ,bếp,đài sở,daidokoro
大学,だいがく,"đại học, trường đại học",đại học,daigaku
大学生,だいがくせい,sinh viên đại học,đại học sinh,daigakusei
大事,だいじ,"important,valuable,serious matter",ĐẠI SỰ,daiji
大丈夫,だいじょうぶ,"không sao, không có vấn đề gì ",đại trượng phu,daijoubu
大好き,だいすき,to be very likeable,"",daisuki
大体,だいたい,"đại khái, đại thể","",daitai
だから,だから,"so,therefore","",dakara
だめ,だめ,no good,"",dame
暖房,だんぼう,"thiết bị làm ấm, lò sưởi, máy điều hòa",noãn phòng,danbou
だんだん,だんだん,dần dần,"",dandan
男性,だんせい,"nam giới, Nam",nam tính,dansei
誰,だれ,who,THÙY HÀ,dare
誰,だれか,ai đó,"",dareka
出す,だす,to put out,xuất,dasu
出口,でぐち,cửa ra,xuất khẩu,deguchi
では,では,with that...,"",deha
出かける,でかける,to go out,xuất,dekakeru
できる,できる,to be able to,"",dekiru
できるだけ,できるだけ,"cố gắng, trong khả năng có thể","",dekirudake
でも,でも,Nhưng,"",demo
電気,でんき,"điện, đèn điện",điện khí,denki
電報,でんぽう,"bức điện, điện báo",điện báo,denpou
電車,でんしゃ,tàu điện,điện xa,densha
電灯,でんとう,electric light,ĐIỆN ĐĂNG,dentou
電話,でんわ,"máy điện thoại, điện thoại",điện thoại,denwa
デパート,デパート,bách hóa,"",depaato
出る,でる,"to appear,to leave",xuất,deru
ドア,ドア,cửa,"",doa
どっち,どっち,"cái nào, phía nào, đâu (cách nói thân mật của 「どちら」)","",docchi
どちら,どちら,"Phía nào, đằng nào, chỗ nào, đâu (cách nói lịch sự của 「どこ」)","",dochira
どこ,どこ,"chỗ nào, đâu","",doko
どなた,どなた,who,"",donata
どんどん,どんどん,more and more,"",dondon
どの,どの,which,"",dono
どれ,どれ,cái nào,"",dore
泥棒,どろぼう,kẻ trộm,nê bổng,dorobou
どう,どう,thế nào,"",dou
動物,どうぶつ,động vật,động vật,doubutsu
動物園,どうぶつえん,"vườn thú, vườn bách thú",động vật viên,doubutsuen
道具,どうぐ,"dụng cụ, công cụ",đạo cụ,dougu
どうも,どうも,Cảm ơn,"",doumo
どうして,どうして,tại sao,"",doushite
どうぞ,どうぞ,Xin mời,"",douzo
土曜日,どようび,thứ bảy,thổ diệu nhật,doyoubi
絵,え,picture,KHẨU HỘI,e
枝,えだ,cành cây,chi,eda
ええ,ええ,yes,"",ee
映画,えいが,"phim, điện ảnh",ánh họa,eiga
映画館,えいがかん,rạp chiếu phim,ánh họa quán,eigakan
英語,えいご,Tiếng Anh,anh ngữ,eigo
駅,えき,"ga, nhà ga",dịch,eki
鉛筆,えんぴつ,bút chì,duyên bút,enpitsu
遠慮,えんりょ・する,"to be reserved, to be restrained",VIỄN LỰ,enryo・suru
選ぶ,えらぶ,to choose,tuyển,erabu
エレベーター,エレベーター,elevator,"",erebeetaa
エスカレーター,エスカレーター,escalator,"",esukareetaa
ファックス,ファックス,fax,"",fakkusu
フィルム,フィルム,phim,"",firumu
フォーク,フォーク,fork,"",fooku
不便,ふべん,inconvenience,BẤT TIỆN ,fuben
増える,ふえる,to increase,tăng,fueru
深い,ふかい,deep,thâm,fukai
服,ふく,quần áo,phục,fuku
吹く,ふく,quần áo,phục,fuku
復習,ふくしゅう,revision,PHỤC TẬP,fukushuu
複雑,ふくざつ,"complexity,complication",PHỨC TẠP,fukuzatsu
踏む,ふむ,to step on,đạp,fumu
舟,ふね,"thuyền, tàu thủy",thuyền,fune
降り出す,ふりだす,to start to rain,"",furidasu
ふろ,ふろ,bath,"",furo
降る,ふる,"to fall, e.g. rain or snow",hàng,furu
古い,ふるい,cũ,cổ,furui
二人,ふたり,hai người ,nhân,futari
二つ,ふたつ,hai cái,"",futatsu
太い,ふとい,"béo, to",thái,futoi
布団,ふとん,"chăn, đệm",bố đoàn,futon
太る,ふとる,to become fat,thái,futoru
二日,ふつか,"ngày mồng 2, 2 ngày",nhị nhật,futsuka
普通,ふつう,tàu thường (dừng cả ở các ga lẻ),phổ thông,futsuu
封筒,ふうとう,phong bì,phong đồng,fuutou
冬,ふゆ,mùa đông,đông,fuyu
外国,がいこく,nước ngoài,ngoại quốc,gaikoku
外国人,がいこくじん,foreigner,"",gaikokujin
学校,がっこう,trường học,học hiệu,gakkou
学生,がくせい,"học sinh, sinh viên",học sinh,gakusei
ガラス,ガラス,thủy tinh (glass),"",garasu
ガソリン,ガソリン,xăng,"",gasorin
ガソリンスタンド,ガソリンスタンド,petrol station,"",gasorinsutando
ガス,ガス,ga,"",gasu
原因,げんいん,nguyên nhân,nguyên nhân,genin
玄関,げんかん,cửa vào,huyền quan,genkan
元気,げんき,"khỏe, khỏe mạnh",nguyên khí,genki
下宿,げしゅく,lodging,"HẠ, HÁ TÚC, TÚ",geshuku
月曜日,げつようび,thứ hai,nguyệt diệu nhật,getsuyoubi
技術,ぎじゅつ,kỹ thuật,kĩ thuật,gijutsu
銀行,ぎんこう,ngân hàng,ngân hàng,ginkou
ギター,ギター,guitar,"",gitaa
五,ご,five,NGŨ CẢM,go
ごちそう,ごちそう,a feast,"",gochisou
午後,ごご,"chiều, sau 12 giờ trưa",ngọ hậu,gogo
御飯,ごはん,"cơm, bữa ăn",phạn,gohan
ごみ,ごみ,rác,"",gomi
ごらんになる,ごらんになる,(respectful) to see,"",goranninaru
御主人,ごしゅじん,(honorable) your husband,"",goshujin
午前,ごぜん,"sáng, trước 12 giờ trưa",ngọ tiền,gozen
ご存じ,ごぞんじ,"knowing,acquaintance",tồn,gozonji
具合,ぐあい,"trạng thái, tình hình",cụ hợp,guai
グラム,グラム,gram,"",guramu
牛肉,ぎゅうにく,beef, NGƯU NHỤC,gyuuniku
牛乳,ぎゅうにゅう,sữa bò,ngưu nhũ,gyuunyuu
歯,は,tooth,XỈ KHOA,ha
葉,は,leaf,NGÔN DIỆP   ,ha
八,はち,eight,BÁT PHƯƠNG,hachi
葉書,はがき,postcard,DIỆP THƯ,hagaki
はい,はい,"vâng, dạ","",hai
拝見,はいけん・する,(humble) to look at," KIẾN, HIỆN",haiken・suru
入る,はいる,"to enter,to contain",nhập,hairu
歯医者,はいしゃ,nha sĩ ,xỉ y giả,haisha
灰皿,はいざら,cái gạt tàn,hôi mãnh,haizara
始まる,はじまる,to begin,thủy,hajimaru
初め/始め,はじめ,"ban đầu, đầu tiên",sơ,hajime
始める,はじめる,to begin,thủy,hajimeru
初めて,はじめて,lần đầu tiên,sơ,hajimete
はっきり,はっきり,"rõ, rõ ràng","",hakkiri
箱,はこ,hộp,tương,hako
運ぶ,はこぶ,to transport,vận,hakobu
はく,はく,"to wear,to put on trousers","",haku
半,はん,half,"BÁN SỔ, SỐ, SÁC, XÚC",han
花,はな,hoa,hoa,hana
鼻,はな,hoa,hoa,hana
花見,はなみ,cherry-blossom viewing,"HOA KIẾN, HIỆN",hanami
話,はなし,"talk,story",THOẠI ĐỀ  ,hanashi
話す,はなす,to speak,thoại,hanasu
半分,はんぶん,một nửa,bán phân,hanbun
ハンドバッグ,ハンドバッグ,handbag,"",handobaggu
ハンカチ,ハンカチ,"khăn mùi xoa, khăn tay","",hankachi
反対,はんたい,phản đối,phản đối,hantai
払う,はらう,to pay,phất,harau
晴れ,はれ,clear weather,tình,hare
晴れる,はれる,to be sunny,tình,hareru
春,はる,mùa xuân,xuân,haru
貼る,はる,mùa xuân,xuân,haru
橋,はし,đũa,"",hashi
はし,はし,đũa,"",hashi
走る,はしる,to run,tẩu,hashiru
二十歳,はたち,"20 years old,20th year","",hatachi
働く,はたらく,to work,động,hataraku
二十日,はつか,"ngày 20, 20 ngày",nhị thập nhật,hatsuka
発音,はつおん,phát âm,phát âm,hatsuon
速い,はやい,"nhanh, sớm",tốc tảo,hayai
早い,はやい,"nhanh, sớm",tốc tảo,hayai
林,はやし,"woods,forester",MẬT LÂM   ,hayashi
はず,はず,it should be so,"",hazu
恥ずかしい,はずかしい,"xấu hổ, thẹn, hổ thẹn",sỉ,hazukashii
変,へん,strange,TỐC,hen
辺,へん,area,"CẬN, CẤN, KÍ ",hen
返事,へんじ,"hồi âm, trả lời",phản sự,henji
下手,へた,unskillful,"HẠ, HÁ THỦ",heta
部屋,へや,căn phòng,bộ ốc,heya
火,ひ,fire,CHIẾN HỎA,hi
日,ひ,"day, sun","NHẬT, NHỰT TRÌNH",hi
左,ひだり,trái,tả,hidari
ひどい,ひどい,"tồi tệ, xấu","",hidoi
冷える,ひえる,to grow cold,lãnh,hieru
東,ひがし,đông,đông,higashi
ひげ,ひげ,beard,"",hige
非常に,ひじょうに,extremely,"",hijouni
光,ひかり,light, ,hikari
光る,ひかる,"to shine,to glitter",quang,hikaru
引き出し,ひきだし,ngăn kéo,dẫn xuất,hikidashi
引き出す,ひきだす,to withdraw,"",hikidasu
引っ越す,ひっこす,to move house,"",hikkosu
飛行場,ひこうじょう,airport,"",hikoujou
飛行機,ひこうき,máy bay,phi hành cơ,hikouki
弾く,ひく,"to play an instrument with strings, including piano","đàn,đạn",hiku
引く,ひく,to pull,dẫn,hiku
低い,ひくい,thấp,đê,hikui
暇,ひま,free time,TỨ HẠ,hima
開く,ひらく,to open an event,khai,hiraku
広い,ひろい,rộng,quảng,hiroi
拾う,ひろう,"to pick up,to gather",thập,hirou
昼,ひる,"buổi trưa, trưa",trú,hiru
昼御飯,ひるごはん,cơm trưa,trú phạn,hirugohan
昼間,ひるま,thời gian ban ngày,trú gian,hiruma
昼休み,ひるやすみ,nghỉ trưa,trú hưu,hiruyasumi
久しぶり,ひさしぶり,lâu,cửu,hisashiburi
人,ひと,người,nhân,hito
一人,ひとり,một mình,nhất nhân,hitori
一つ,ひとつ,một cái ,"",hitotsu
一月,ひとつき,one month,NHẤT NGUYỆT,hitotsuki
必要,ひつよう,necessary,"TẤT YẾU, YÊU",hitsuyou
ほど,ほど,extent,"",hodo
ほか,ほか,"other, the rest","",hoka
ほめる,ほめる,to praise,"",homeru
本,ほん,sách,bản,hon
本棚,ほんだな,giá sách,bản bằng,hondana
ほんとう,ほんとう,thật,"",hontou
翻訳,ほんやく,translation, PHIÊN DỊCH  ,honyaku
星,ほし,"sao, ngôi sao",tinh,hoshi
欲しい,ほしい,muốn có,dục,hoshii
細い,ほそい,"gầy, hẹp, thon",tế,hosoi
ホテル,ホテル,khách sạn,"",hoteru
ほとんど,ほとんど,"hầu hết, hầu như","",hotondo
法律,ほうりつ,pháp luật,pháp luật,houritsu
放送,ほうそう・する,to broadcast,"PHÓNG, PHỎNG TỐNG",housou・suru
百,ひゃく,trăm,bách,hyaku
一,いち,one,ĐƠN NHẤT,ichi
いちばん,いちばん,"best,first","",ichiban
一度,いちど,một lần,nhất độ,ichido
一日,いちにち,first of the month,"NHẤT NHẬT, NHỰT",ichinichi
家,いえ,house,"GIA, CÔ SẢN",ie
以外,いがい,with the exception of,DĨ NGOẠI   ,igai
医学,いがく,medical science,Y HỌC,igaku
いい/よい,いい/よい,good,"",ii/yoi
いいえ,いいえ,không,"",iie
いじめる,いじめる,to tease,"",ijimeru
以上,いじょう,"more than,this is all",DĨ THƯỢNG     ,ijou
以下,いか,less than,DĨ HẠ,ika
いかが,いかが,how,"",ikaga
池,いけ,cái ao,trì,ike
意見,いけん,ý kiến,ý kiến,iken
生きる,いきる,to live,"sanh,sinh",ikiru
行く,いく,to go,hành,iku
いくら,いくら,bao nhiêu tiền,"",ikura
いくつ,いくつ,"mấy cái, bao nhiêu cái","",ikutsu
今,いま,now,TẠC KIM ,ima
意味,いみ,ý nghĩa,ý vị,imi
妹,いもうと,(humble) younger sister,THỰC MUỘI,imouto
以内,いない,within,DĨ NỘI,inai
田舎,いなか,"quê, nông thôn",điền xá,inaka
祈る,いのる,to pray,kì,inoru
犬,いぬ,chó,khuyển,inu
いっぱい,いっぱい,full,"",ippai
いらっしゃる,いらっしゃる,"(respectful) to be,to come or to go","",irassharu
入れる,いれる,to put in,nhập,ireru
入口,いりぐち,cửa vào,nhập khẩu,iriguchi
色,いろ,màu,sắc,iro
いろいろ,いろいろ,various,"",iroiro
要る,いる,to need,yếu,iru
居る,いる,"to be, to have (used for people and animals)",cư,iru
医者,いしゃ,Bác Sĩ,y giả,isha
石,いし,stone,HÓA THẠCH,ishi
忙しい,いそがしい,bận,mang,isogashii
急ぐ,いそぐ,to hurry,cấp,isogu
一緒,いっしょ,together,NHẤT TỰ,issho
一生懸命,いっしょうけんめい," (cố gắng) hết sức, chăm chỉ, miệt mài",nhất sinh huyền mệnh,isshoukenmei
いす,いす,ghế,"",isu
いただく,いただく,(humble) to receive,"",itadaku
痛い,いたい, đau ,thống,itai
致す,いたす,(humble) to do,trí,itasu
糸,いと,thread,MỊCH KHẨU,ito
いつ,いつ,"bao giờ, khi nào",hà thời,itsu
五日,いつか,"ngày mồng 5, 5 ngày",ngũ nhật,itsuka
いつも,いつも,"luôn luôn, lúc nào cũng",hà thời,itsumo
五つ,いつつ,năm cái,"",itsutsu
言う,いう,to say,ngôn,iu
嫌,いや,unpleasant,"KI, CƠ HIỀM",iya
じゃ/じゃあ,じゃ/じゃあ,well then…,"",ja/jaa
じゃま,じゃま,"hindrance,intrusion","",jama
ジャム,ジャム,jam,"",jamu
字,じ,character,"SỔ, SỐ, SÁC, XÚC TỰ",ji
字引,じびき,dictionary,"TỰ DẪN, DẤN",jibiki
自分,じぶん,"bản thân, mình",tự phân,jibun
時代,じだい,era,THỜI ĐẠI,jidai
自動車,じどうしゃ,"ô tô, xe hơi",tự động xa,jidousha
時間,じかん,thời gian,thời gian,jikan
事故,じこ,"tai nạn, sự cố",sự cố,jiko
事務所,じむしょ,office,"",jimusho
神社,じんじゃ,đền thờ đạo thần,thần xã,jinja
人口,じんこう,dân số,nhân khẩu,jinkou
地震,じしん,động đất,địa chấn,jishin
辞書,じしょ,từ điển,từ thư,jisho
辞典,じてん,dictionary, TỪ ĐIỂN,jiten
自転車,じてんしゃ,xe đạp,tự chuyển xa,jitensha
自由,じゆう,freedom,TỰ DO ,jiyuu
女性,じょせい,"nữ giới, nữ",nữ tính,josei
丈夫,じょうぶ,"strong,durable",TRƯỢNG PHU,joubu
上手,じょうず,skillful,"THƯỢNG, THƯỚNG THỦ",jouzu
授業,じゅぎょう,giờ học,thụ nghiệp,jugyou
準備,じゅんび・する,to prepare,CHUẨN BỊ ,junbi・suru
十分,じゅうぶん,enough,THẬP PHÂN  ,juubun
柔道,じゅうどう,Judo (nhu đạo),nhu đạo,juudou
住所,じゅうしょ,địa chỉ,trụ sở,juusho
十,じゅうとお,ten,THẬP PHƯƠNG,juutoo
カーテン,カーテン,cái rèm,"",kaaten
かばん,かばん,"cặp sách, túi sách","",kaban
壁,かべ,bức tường,bích,kabe
花瓶,かびん,lọ hoa,hoa bình,kabin
課長,かちょう,tổ trưởng,khóa trưởng,kachou
角,かど,góc,giác,kado
帰り,かえり,return,quy,kaeri
変える,かえる,to change,biến,kaeru
帰る,かえる,to go back,quy,kaeru
返す,かえす,to return something,phản,kaesu
科学,かがく,khoa học,khoa học,kagaku
鏡,かがみ,cái gương,kính,kagami
かぎ,かぎ,chìa khóa,"",kagi
階段,かいだん,stairs, GIAI ĐOẠN           ,kaidan
海岸,かいがん,bờ biển,hải ngạn,kaigan
会議,かいぎ,"họp, cuộc họp (~をします: họp, tổ chức cuộc họp)",hội nghị,kaigi
会議室,かいぎしつ,phòng họp,hội nghị thất,kaigishitsu
会場,かいじょう,"hội trường, địa điểm tổ chức",hội trường,kaijou
買い物,かいもの,shopping,"",kaimono
会社,かいしゃ,công ty,hội xã,kaisha
会話,かいわ,conversation,"HỘI, CỐI THOẠI",kaiwa
火事,かじ,hỏa hoạn,hỏa sự,kaji
かかる,かかる,to take time or money,"",kakaru
掛ける,かける,to hang something,quải,kakeru
かける,かける,to call by phone,"",kakeru
かっこう,かっこう,appearance,"",kakkou
書く,かく,to write,thư,kaku
かまう,かまう,to mind,"",kamau
カメラ,カメラ,máy ảnh,"",kamera
紙,かみ,giấy,chỉ,kami
髪,かみ,giấy,chỉ,kami
噛む,かむ,"to bite,to chew",,kamu
家内,かない,housewife,"GIA, CÔ NỘI, NẠP",kanai
必ず,かならず,nhất định,tất,kanarazu
悲しい,かなしい,"buồn, đau thương",bi,kanashii
お・金持ち,かねもち/おかねもち,rich man,"",kanemochi/okanemochi
考える,かんがえる,to consider,khảo,kangaeru
看護婦,かんごふ,female nurse,KHÁN HỘ PHỤ,kangofu
漢字,かんじ,chữ hán,hán tự,kanji
関係,かんけい,quan hệ,quan hệ,kankei
彼女,かのじょ,"chị ấy, bạn gái",bỉ nữ,kanojo
簡単,かんたん,simple,GIẢN ĐƠN,kantan
カップ,カップ,cốc (dùng để đựng đồ ăn),"",kappu
体,からだ,"người, cơ thể",thể,karada
辛い,からい,cay,tân,karai
彼,かれ,"anh ấy, bạn trai",bỉ,kare
カレー,カレー,curry,"",karee
カレンダー,カレンダー,"lịch, tờ lịch","",karendaa
彼ら,かれら,they,bỉ,karera
借りる,かりる,to borrow,tá,kariru
軽い,かるい,nhẹ,khinh,karui
傘,かさ,"ô, dù",tản,kasa
貸す,かす,to lend,thải,kasu
方,かた,"person, way of doing",THA PHƯƠNG,kata
形,かたち,"hình, dạng",hình,katachi
片付ける,かたづける,to tidy up,"",katadzukeru
堅/硬/固い,かたい,cứng,ngạnh,katai
家庭,かてい,household,GIA ĐÌNH ,katei
勝つ,かつ,to win,thắng,katsu
買う,かう,to buy,mãi,kau
川/河,かわ,sông,xuyên,kawa
かわいい,かわいい,"xinh, đáng yêu","",kawaii
乾く,かわく,to get dry,can,kawaku
代わり,かわり,"substitute,alternate",đại,kawari
変わる,かわる,to change,biến,kawaru
通う,かよう,to commute,thông,kayou
火曜日,かようび,thứ ba,hỏa diệu nhật,kayoubi
飾る,かざる,to decorate,sức,kazaru
風邪,かぜ,"cảm, cúm",phong tà,kaze
風,かぜ,"cảm, cúm",phong tà,kaze
家族,かぞく,gia đình ,gia tộc,kazoku
毛,け,hair or fur,"NGUYÊN MAO, MÔ",ke
ケーキ,ケーキ,cake,"",keeki
けが・する,けが・する,to injure,"",kega・suru
計画,けいかく・する,to plan,KẾ HOẠCH  ,keikaku・suru
警官,けいかん,cảnh sát,cảnh quan,keikan
経験,けいけん・する,to experience,KINH NGHIỆM,keiken・suru
警察,けいさつ,cảnh sát,cảnh sát,keisatsu
経済,けいざい,kinh tế,kinh tế,keizai
結婚,けっこん,marriage,KẾT HÔN THỨC,kekkon
結構,けっこう,"splendid,enough",KẾT CẤU    ,kekkou
見物,けんぶつ,sightseeing,"KIẾN, HIỆN VẬT",kenbutsu
けんか・する,けんか・する,to quarrel,"",kenka・suru
研究,けんきゅう,research, NGHIÊN CỨU,kenkyuu
研究室,けんきゅうしつ,phòng nghiên cứu,nghiên cứu thất,kenkyuushitsu
けれど/けれども,けれど/けれども,however,"",keredo/keredomo
今朝,けさ,sáng nay,kim triều,kesa
消しゴム,けしゴム,cái tẩy,"",keshigomu
景色,けしき,phong cảnh,cảnh sắc,keshiki
決して,けっして,never,quyết,kesshite
消す,けす,"to erase,to turn off power",tiêu,kesu
気,き,"spirit,mood",KHÍ HẬU ,ki
木,き,"tree,wood",MỘC CHẾ,ki
厳しい,きびしい,"nghiêm, nghiêm khắc, nghiêm ngặt",nghiêm,kibishii
気分,きぶん,mood,KHÍ PHÂN\PHẬN,kibun
消える,きえる,to disappear,tiêu,kieru
黄色,きいろ,màu vàng,hoàng sắc,kiiro
黄色い,きいろい,yellow,"",kiiroi
機会,きかい,"máy, máy móc",cơ giới,kikai
危険,きけん,danger,NGUY HIỂM,kiken
聞こえる,きこえる,to be heard,văn,kikoeru
聞く,きく,"to hear,to listen to,to ask",văn,kiku
決る,きまる,to be decided,quyết,kimaru
決める,きめる,to decide,quyết,kimeru
君,きみ,"cậu, bạn (cách gọi thân mật dùng cho nam giới, cùng nghĩa với 「あなた」)",quân,kimi
気持ち,きもち,"cảm giác, tâm trạng, tinh thần",khí trì,kimochi
着物,きもの,Kimono (trang phục truyền thống của Nhật Bản) ,trước vật,kimono
近所,きんじょ,"hàng xóm, khu vực lân cận",cận sở,kinjo
昨日,きのう,hôm qua,tạc nhật,kinou
絹,きぬ,silk,QUYÊN VẬT,kinu
金曜日,きんようび,thứ sáu,kim diệu nhật,kinyoubi
切符,きっぷ,vé,thiết phù,kippu
嫌い,きらい,hate,hiềm,kirai
きれい,きれい,"pretty,clean","",kirei
キロ/キログラム,キロ/キログラム,kilogram,"",kiro/kiroguramu
キロ/キロメートル,キロ/キロメートル,kilometre,"",kiro/kiromeetoru
切る,きる,to cut,thiết,kiru
着る,きる,to put on from the shoulders down,trứ,kiru
季節,きせつ,mùa,quý tiết,kisetsu
汽車,きしゃ,tàu hỏa chạy bằng hơi nước,khí xa,kisha
規則,きそく,"quy tắc, kỷ luật   ",quy tắc,kisoku
喫茶店,きっさてん,"quán giải khát, quán cà-phê",khiết trà điếm,kissaten
北,きた,bắc,bắc,kita
汚い,きたない,bẩn,ô,kitanai
切手,きって,tem,thiết thủ,kitte
きっと,きっと,"chắc chắn, nhất định","",kitto
子,こ,child,"THÁI TỬ, TÍ",ko
こっち,こっち,"phía này, chỗ này (cách nói thân mật của 「こちら」)","",kocchi
こちら,こちら,"phía này, đằng này, chỗ này, đây (cách nói lịch sự của 「ここ」)","",kochira
子供,こども,con cái,tử,kodomo
声,こえ,"tiếng nói, giọng nói",thanh,koe
ここ,ここ,"Chỗ này, đây","",koko
九日,ここのか,"ngày mồng 9, 9 ngày ",cửu nhật,kokonoka
九つ,ここのつ,chín cái,"",kokonotsu
心,こころ,"trái tim, tấm lòng, cảm tình",tâm,kokoro
国際,こくさい,international, QUỐC TẾ             ,kokusai
細かい,こまかい,"chi tiết, tỉ mỉ, nhỏ",tế,komakai
困る,こまる,to be worried,khốn,komaru
米,こめ,gạo,mễ,kome
込む,こむ,to be crowded,vào,komu
今晩,こんばん,tối nay,kim vãn,konban
今度,こんど,lần tới ,kim độ,kondo
今月,こんげつ,this month,KIM NGUYỆT,kongetsu
こんな,こんな,such,"",konna
この,この,this,"",kono
このあいだ,このあいだ,"vừa rồi, hôm nọ",gian,konoaida
このごろ,このごろ,"gần đây, dạo này","",konogoro
コンピュータ/コンピューター,コンピュータ/コンピューター,computer,"",konpyuuta/konpyuutaa
コンサート,コンサート,buổi hòa nhạc,"",konsaato
今週,こんしゅう,tuần này,kim chu,konshuu
今夜,こんや,"tối nay, đêm nay",kim dạ,konya
コーヒー,コーヒー,coffee,"",koohii
コート,コート,"coat,tennis court","",kooto
コピーする,コピーする,to copy,"",kopiisuru
コップ,コップ,cái cốc,"",koppu
これ,これ,"cái này, đây (vật ở gần người nói)","",kore
これから,これから,"từ bây giờ, sau đây ","",korekara
故障,こしょう・する,to break-down,CỐ CHƯỚNG,koshou・suru
答,こたえ,câu trả lời,đáp,kotae
答える,こたえる,to answer,đáp,kotaeru
こと,こと,việc (~の  こと: việc ~),"",koto
言葉,ことば,"từ, tiếng",ngôn diệp,kotoba
小鳥,ことり,small bird,TIỂU ĐIỂU,kotori
今年,ことし,năm nay,kim niên,kotoshi
こう,こう,this way,"",kou
交番,こうばん,trạm/bốt cảnh sát,giao phiên,kouban
紅茶,こうちゃ,trà đen,hồng trà,koucha
校長,こうちょう,headmaster,"GIÁO, HIỆU, HÀO TRƯỜNG, TRƯỞNG, TRƯỚNG",kouchou
講堂,こうどう,auditorium,GIẢNG ĐƯỜNG,koudou
公園,こうえん,công viên,công viên,kouen
郊外,こうがい,outskirts,GIAO NGOẠI,kougai
講義,こうぎ,bài giảng,giảng nghĩa,kougi
工業,こうぎょう,the manufacturing industry,CÔNG NGHIỆP,kougyou
工場,こうじょう,"nhà máy, phân xưởng",công trường,koujou
高校,こうこう,trường trung học phổ thông,cao hiệu,koukou
高校生,こうこうせい,high school student,"",koukousei
公務員,こうむいん,government worker,"",koumuin
交差点,こうさてん,ngã tư,giao sai điểm,kousaten
高等学校,こうとうがっこう,high school,"",koutougakkou
交通,こうつう,"giao thông, đi lại",giao thông,koutsuu
怖い,こわい,sợ,bố,kowai
壊れる,こわれる,to be broken,hoại,kowareru
壊す,こわす,to break,hoại,kowasu
首,くび,neck, ,kubi
口,くち,miệng,khẩu,kuchi
果物,くだもの,"hoa quả, trái cây",quả vật,kudamono
ください,ください,please,"",kudasai
くださる,くださる,(respectful) to give,"",kudasaru
雲,くも,cloud, TỬ VÂN,kumo
曇り,くもり,có mây,đàm,kumori
曇る,くもる,"to become cloudy,to become dim",đàm,kumoru
君,くん,suffix for familiar young male,QUÂN CHỦ\ CHÚA,kun
国,くに,country,"QUỐC HÀO, HIỆU",kuni
比べる,くらべる,to compare,tỉ,kuraberu
暗い,くらい,tối,ám,kurai
クラス,クラス,"lớp học, lớp","",kurasu
暮れる,くれる,"to get dark,to come to an end",mộ,kureru
くれる,くれる,to give,"",kureru
黒,くろ,màu đen,hắc,kuro
黒い,くろい,đen,hắc,kuroi
来る,くる,to come,lai,kuru
車,くるま,xe ô tô,xa,kuruma
草,くさ,grass,"ĐẠO, ĐÁO THẢO",kusa
薬,くすり,thuốc,dược,kusuri
靴,くつ,giầy,ngoa,kutsu
靴下,くつした,cái tất,ngoa hạ,kutsushita
空気,くうき,không khí,không khí,kuuki
空港,くうこう,sân bay,không cảng,kuukou
客,きゃく,"guest,customer", ,kyaku
去年,きょねん,năm ngoái,khứ niên,kyonen
今日,きょう,hôm nay,kim nhật,kyou
兄弟,きょうだい,anh chị em,huynh đệ,kyoudai
教育,きょういく,"giáo dục, việc học hành",giáo dục,kyouiku
教会,きょうかい,nhà thờ,giáo hội,kyoukai
興味,きょうみ,"sở thích, quan tâm([コンピューターに]　～が　あります：quan tâm đến [máy tính])",hứng vị,kyoumi
教室,きょうしつ,"lớp học, phòng học",giáo thất,kyoushitsu
競争,きょうそう,competition,CẠNH TRANH,kyousou
急,きゅう,"urgent, steep",NGUY CẤP,kyuu
九,きゅう/く,nine,CỬU CHÂU,kyuu/ku
急行,きゅうこう,tàu tốc hành,cấp hành,kyuukou
マッチ,マッチ,match,"",macchi
町,まち,"thị trấn, thị xã, thành phố",đinh,machi
間違える,まちがえる,to make a mistake,"",machigaeru
まだ,まだ,chưa,"",mada
窓,まど,cửa sổ,song,mado
前,まえ,trước,tiền,mae
曲る,まがる,"to turn,to bend",khúc,magaru
毎朝,まいあさ,"hàng sáng, mỗi sáng",mỗi triều,maiasa
毎晩,まいばん,"hàng tối, mỗi tối",mỗi vãn,maiban
毎月,まいげつ/まいつき,every month,MỖI NGUYỆT,maigetsu/maitsuki
毎年,まいねん/まいとし,every year,MỖI NIÊN,mainen/maitoshi
毎日,まいにち,"hàng ngày, mỗi ngày",mỗi nhật,mainichi
参る,まいる,"(humble) to go,to come",tham,mairu
毎週,まいしゅう,hàng tuần,mỗi chu,maishuu
まじめ,まじめ,serious,"",majime
負ける,まける,to lose,phụ,makeru
万,まん,"mười nghìn, vạn",vạn,man
漫画,まんが,truyện tranh,mạn họa,manga
間に合う,まにあう,to be in time for,"",maniau
真中,まんなか,"giữa, trung tâm",chân trung,mannaka
万年筆,まんねんひつ,fountain pen,"",mannenhitsu
丸い/円い,まるい,tròn,hoàn,marui
まっすぐ,まっすぐ,thẳng,"",massugu
また,また,lại (~đến),"",mata
または,または,"or,otherwise","",mataha
待つ,まつ,to wait,đãi,matsu
周り,まわり,xung quanh,chu,mawari
回る,まわる,to go around,hồi,mawaru
まず,まず,"trước hết, đầu tiên","",mazu
まずい,まずい,dở,"",mazui
目,め,eye, KHOA MỤC,me
メートル,メートル,metre,"",meetoru
眼鏡,めがね,kính,nhãn kính,megane
召し上がる,めしあがる,(polite) to eat,"",meshiagaru
珍しい,めずらしい,"hiếm, hiếm có",trân,mezurashii
道,みち,đường,đạo,michi
緑,みどり,màu xanh lá cây,lục,midori
見える,みえる,to be in sight,kiến,mieru
磨く,みがく,"to brush teeth, to polish",ma,migaku
右,みぎ,phải,hữu,migi
短い,みじかい,ngắn,đoản,mijikai
三日,みっか,"ngày mồng 3, 3 ngày",tam nhật,mikka
耳,みみ,ear, SƠ NHĨ,mimi
皆,みな,everybody,GIAI DẠNG,mina
南,みなみ,nam,nam,minami
皆さん,みなさん,"các anh chị, các ông bà, các bạn, quý vị",giai,minasan
港,みなと,"cảng, bến cảng",cảng,minato
みんな,みんな,tất cả,"",minna
見る観る,みる,"to see, to watch","",miru
店,みせ,"cửa hàng, tiệm",điếm,mise
見せる,みせる,to show,kiến,miseru
味噌,みそ,bean paste, ,miso
見つかる,みつかる,to be discovered,kiến,mitsukaru
見つける,みつける,to discover,kiến,mitsukeru
三つ,みっつ,ba cái,"",mittsu
水,みず,nước,thủy,mizu
湖,みずうみ,lake,HỒ CHIỂU,mizuumi
もちろん,もちろん,tất nhiên,"",mochiron
戻る,もどる,to turn back,lệ,modoru
木曜日,もくようび,thứ năm,mộc diệu nhật,mokuyoubi
木綿,もめん,cotton,MỘC MIÊN,momen
門,もん,gate,QUYỀN MÔN,mon
問題,もんだい,vấn đề,vấn đề,mondai
物,もの,"vật, đồ vật",vật,mono
もらう,もらう,to receive,"",morau
森,もり,forest,SÂM NHÀN,mori
もし,もし,if,"",moshi
持つ,もつ,to hold,trì,motsu
もっと,もっと,"hơn, nữa","",motto
もっとも,もっとも,extremely,"",mottomo
もう,もう,"đã, rồi","",mou
もう一度,もういちど,again,"",mouichido
申し上げる,もうしあげる,"(humble) to say,to tell","",moushiageru
申す,もうす,"(humble) to be called,to say",thân,mousu
もうすぐ,もうすぐ,soon,"",mousugu
六日,むいか,"ngày mồng 6, 6 ngày",lục nhật,muika
迎える,むかえる,to go out to meet,nghênh,mukaeru
昔,むかし,"ngày xưa, trước đây",tích,mukashi
向かう,むかう,to face,hướng,mukau
向こう,むこう,"bên kia, bên đấy, phía đằng kia",hướng,mukou
村,むら,làng,thôn,mura
無理,むり,impossible,"VÔ, MÔ LÍ",muri
虫,むし,insect,NGUYÊN TRÙNG,mushi
息子,むすこ,con trai (dùng cho mình),tức tử,musuko
娘,むすめ,con gái (dùng cho mình),nương,musume
六つ,むっつ,sáu cái,"",muttsu
難しい,むずかしい,khó ,"nan, nạn",muzukashii
など,など,et cetera,"",nado
長い,ながい,dài,"trường, trưởng",nagai
投げる,なげる,to throw or cast away,đầu,nageru
ナイフ,ナイフ,knife,"",naifu
中,なか,"trong, giữa",trung,naka
中々,なかなか,"khó mà~, không dễ, mãi mà (dùng với thể phủ định)","",nakanaka
泣く,なく,to weep,khấp,naku
鳴く,なく,"animal noise. to chirp, roar or croak etc.",minh,naku
無くなる,なくなる,"to disappear,to get lost",,nakunaru
亡くなる,なくなる,to die,vong,nakunaru
無くす,なくす,to lose something,,nakusu
名前,なまえ,tên,danh tiền,namae
何,なん/なに,what,HÀ XỨ,nan/nani
七つ,ななつ,bảy cái,"",nanatsu
七日,なのか,"ngày mồng 7, 7 ngày",thất nhật,nanoka
直る,なおる,"to be fixed,to be repaired",trực,naoru
治る,なおる,"to be cured,to heal",trị,naoru
直す,なおす,"to fix,to repair",trực,naosu
並べる,ならべる,"to line up,to set up",tịnh,naraberu
並ぶ,ならぶ,"to line up,to stand in a line",tịnh,narabu
習う,ならう,to learn,tập,narau
慣れる,なれる,to grow accustomed to,quán,nareru
鳴る,なる,to sound,minh,naru
なる,なる,to become,"",naru
なるべく,なるべく,as much as possible,"",narubeku
なるほど,なるほど,now I understand,"",naruhodo
なさる,なさる,(respectful) to do,"",nasaru
夏,なつ,mùa hè,hạ,natsu
夏休み,なつやすみ,summer holiday,"",natsuyasumi
なぜ,なぜ,tại sao,"",naze
寝坊,ねぼう,sleeping in late,TẨM PHƯỜNG,nebou
ねだん,ねだん,giá,trị đoạn,nedan
猫,ねこ,mèo,miêu,neko
ネクタイ,ネクタイ,cà vạt,"",nekutai
眠い,ねむい,buồn ngủ,miên,nemui
眠る,ねむる,to sleep,miên,nemuru
寝る,ねる,"to go to bed,to sleep",tẩm,neru
ねっしん,ねっしん,enthusiasm,"",nesshin
熱,ねつ,sốt,nhiệt,netsu
二,に,two,"NHỊ HÀO, HIỆU",ni
日曜日,にちようび,chủ Nhật,nhật diệu nhật,nichiyoubi
苦い,にがい,đắng,khổ,nigai
逃げる,にげる,to escape,đào,nigeru
賑やか,にぎやか,"bustling,busy",,nigiyaka
二階建て,にかいだて,two storied,"",nikaidate
日記,にっき,nhật ký,nhật kí,nikki
肉,にく,thịt,nhục,niku
荷物,にもつ,"đồ đạc, hành lý",hà vật,nimotsu
人形,にんぎょう,"con búp bê, con rối",nhân hình,ningyou
におい,におい,mùi,"",nioi
似る,にる,to be similar,tự,niru
西,にし,"tây, phía tây",tây,nishi
庭,にわ,vườn ,đình,niwa
登る,のぼる,to climb,đăng,noboru
のど,のど,họng,"",nodo
残る,のこる,to remain,tàn,nokoru
飲み物,のみもの,đồ uống,ẩm vật,nomimono
飲む,のむ,to drink,ẩm,nomu
ノート,ノート,"notebook,exercise book","",nooto
乗り換える,のりかえる,to change between buses or trains,"",norikaeru
乗り物,のりもの,phương tiện đi lại,thừa vật,norimono
乗る,のる,"to get on,to ride",thừa,noru
脱ぐ,ぬぐ,to take off clothes,thoát,nugu
ぬれる,ぬれる,to get wet,"",nureru
塗る,ぬる,"to paint,to plaster",đồ,nuru
温い,ぬるい,luke warm,ôn,nurui
盗む,ぬすむ,to steal,đạo,nusumu
入学,にゅうがく・する,to enter school or university,NHẬP HỌC,nyuugaku・suru
入院,にゅういん・する,to hospitalise, NHẬP VIỆN      ,nyuuin・suru
ニュース,ニュース,"tin tức, bản tin","",nyuusu
おばあさん,おばあさん,"grandmother,female senior-citizen","",obaasan
伯母さん/叔母さん,おばさん,"cô, dì, bác (dùng với người khác)","",obasan
お弁当,おべんとう,cơm hộp,biện đương,obentou
覚える,おぼえる,to remember,giác,oboeru
お茶,おちゃ,trà (nói chung),trà,ocha
落る,おちる,to fall or drop,lạc,ochiru
踊り,おどり,a dance,dũng,odori
驚く,おどろく,to be surprised,kinh,odoroku
踊る,おどる,to dance,dũng,odoru
お風呂,おふろ,bồn tắm,phong,ofuro
おいでになる,おいでになる,(respectful) to be,"",oideninaru
おいしい,おいしい,ngon,"",oishii
お祝い,おいわい,"việc mừng, vật mừng",chúc,oiwai
伯父/叔父,おじいさん,"grandfather,male senior citizen","",ojiisan
伯父/叔父,おじさん,"Chú, cậu, bác (dùng với người khác)","",ojisan
お嬢さん,おじょうさん,young lady,nương,ojousan
お母さん,おかあさん,Mẹ (dùng khi nói về mẹ người khác và dùng khi xưng hô với mẹ mình),mẫu,okaasan
おかげ,おかげ,owing to,"",okage
お金,おかね,tiền,kim,okane
お菓子,おかし,bánh kẹo,quả tử,okashi
おかしい,おかしい,"có vấn đề, không bình thường, buồn cười","",okashii
起きる,おきる,to get up,khởi,okiru
行う,おこなう,to do,hành,okonau
怒る,おこる,"to get angry,to be angry",nộ,okoru
起す,おこす,to wake,khởi,okosu
置く,おく,to put,trí,oku
億,おく,one hundred million,NHẤT ỨC,oku
屋上,おくじょう,"mái nhà, nóc nhà",ốc thượng,okujou
遅れる,おくれる,to be late,trì,okureru
贈り物,おくりもの,quà tặng (～をします),tặng vật,okurimono
送る,おくる,to send,tống,okuru
奥さん,おくさん,vợ (dùng khi nói về vợ người khác),áo,okusan
お祭り,おまつり,lễ hội,tế,omatsuri
おまわりさん,おまわりさん,friendly term for policeman,"",omawarisan
お見舞い,おみまい,"calling on someone who is ill,enquiry","",omimai
お土産,おみやげ,souvenir,"",omiyage
おもちゃ,おもちゃ,đồ chơi,"",omocha
重い,おもい,nặng,"trọng, trùng",omoi
思い出す,おもいだす,to remember,"",omoidasu
おもしろい,おもしろい,"thú vị, hay","",omoshiroi
表,おもて,"phía trước, mặt trước",biểu,omote
思う,おもう,"to think,to feel",tư,omou
同じ,おなじ,giống,đồng,onaji
おなか,おなか,bụng,phục,onaka
お姉さん,おねえさん,(honorable) older sister,"tỷ,tỉ",oneesan
音楽,おんがく,âm nhạc,âm nhạc,ongaku
お兄さん,おにいさん,(honorable) older brother,huynh,oniisan
女,おんな,woman,"XỨ NỮ, NỨ, NHỮ",onna
女の子,おんなのこ,cô con gái,nữ tử,onnanoko
多い,おおい,many,đa,ooi
大きい,おおきい,big,đại,ookii
大きな,おおきな,big,đại,ookina
オートバイ,オートバイ,motorcycle,"",ootobai
大勢,おおぜい,great number of people,ĐẠI THỂ   ,oozei
お礼,おれい,expression of gratitude,lễ,orei
折れる,おれる,to break or be folded,chiết,oreru
降りる,おりる,"to get off, to descend",hàng,oriru
下りる,おりる,to get off,hạ,oriru
折る,おる,to break or to fold,chiết,oru
お酒,おさけ,"rượu, rượu sake",tửu,osake
お皿,おさら,"plate, dish",mãnh,osara
教える,おしえる,"to teach,to tell",giáo,oshieru
押し入れ,おしいれ,"Chổ để chăn gối trong một căn 
phòng kiểu Nhật",áp nhập,oshiire
遅い,おそい,"chậm, muộn",trì,osoi
おっしゃる,おっしゃる,(respectful) to say,"",ossharu
押す,おす,"to push, to stamp something",áp,osu
お宅,おたく,(polite) your house,trạch,otaku
お手洗い,おてあらい,bathroom,"",otearai
音,おと,"sound,note",ÂM TRÌNH,oto
男,おとこ,"người đàn ông, nam giới",nam,otoko
男の子,おとこのこ,cậu con trai,nam tử,otokonoko
大人,おとな,người lớn,đại nhân,otona
落す,おとす,to drop,lạc,otosu
一昨日,おととい,hôm kia,nhất tạc nhật,ototoi
一昨年,おととし,năm kia,"",ototoshi
お父さん,おとうさん,bố (dùng khi nói về bố người khác và dùng khi xưng hô với bố mình),phụ,otousan
弟,おとうと,younger brother,THỰC ĐỆ\ĐỂ,otouto
おつり,おつり,tiền lẻ,điếu,otsuri
夫,おっと,husband,"CÔNG PHU, PHÙ",otto
終わり,おわり,kết thúc,chung,owari
終る,おわる,to finish,chung,owaru
親,おや,parents,"THÂN, THẤN CHỈ",oya
泳ぎ方,およぎかた,way of swimming,"",oyogikata
泳ぐ,およぐ,to swim,vịnh,oyogu
パーティー,パーティー,tiệc (~をします：tổ chức tiệc),"",paatii
パート,パート,part time,"",paato
パン,パン,bánh mì,"",pan
パソコン,パソコン,máy vi tính cá nhân ,"",pasokon
ページ,ページ,page,"",peeji
ペン,ペン,pen,"",pen
ペット,ペット,động vật cảnh (pet),"",petto
ピアノ,ピアノ,đàn Piano,"",piano
ポケット,ポケット,"túi áo, túi quần (Pocket)","",poketto
ポスト,ポスト,"hộp thư, hòm thư","",posuto
プレゼント,プレゼント,"quà tặng, tặng phẩm","",purezento
プール,プール,bể bơi,"",puuru
来月,らいげつ,next month,"LAI, LÃI NGUYỆT",raigetsu
来年,らいねん,năm sau,lai niên,rainen
来週,らいしゅう,tuần sau,lai chu,raishuu
ラジカセ/ラジオカセット,ラジカセ/ラジオカセット,radio cassette player,"",rajikase/rajiokasetto
ラジオ,ラジオ,Radio,"",rajio
零,れい,zero,LINH ĐIỂM,rei
冷房,れいぼう,"thiết bị làm mát, máy điều hòa",lãnh phòng,reibou
冷蔵庫,れいぞうこ,tủ lạnh,lãnh tàng khố,reizouko
レジ,レジ,register,"",reji
歴史,れきし,lịch sử,lịch sử,rekishi
レコード,レコード,record,"",rekoodo
連絡,れんらく,contact, LIÊN LẠC,renraku
練習,れんしゅうする,to practice, LUYỆN TẬP  ,renshuusuru
レポート/リポート,レポート/リポート,report,"",repooto/ripooto
レストラン,レストラン,nhà hàng,"",resutoran
りっぱ,りっぱ,splendid,"",rippa
利用,りよう,utilization, LỢI DỤNG,riyou
理由,りゆう,lý do,lí do,riyuu
六,ろく,six,"LỤC NHẬT, NHỰT",roku
廊下,ろうか,hành lang,lang hạ,rouka
留守,るす,vắng nhà,lưu thủ,rusu
旅館,りょかん,khách sạn kiểu Nhật,lữ quán,ryokan
旅行,りょこう,"Du lịch, chuyến du lịch (～をします: đi du lịch)",lữ hành,ryokou
両方,りょうほう,both sides,LƯỠNG PHƯƠNG,ryouhou
料理,りょうり,"món ăn, việc nấu ăn",liệu lí,ryouri
両親,りょうしん,bố mẹ,lưỡng thân,ryoushin
留学生,りゅうがくせい,"lưu học sinh, du học sinh",lưu học sinh,ryuugakusei
さあ,さあ,"thôi,/nào, (dùng để thúc giục hoặc khuyến khích ai làm gì.)","",saa
寂しい,さびしい,"buồn, cô đơn",tịch,sabishii
下る,さがる,"to get down,to descend",hạ,sagaru
探す,さがす,to look for,tham,sagasu
下げる,さげる,"to hang,to lower,to move back",hạ,sageru
財布,さいふ,wallet,TÀI BỐ,saifu
最後,さいご,"last,end",TỐI HẬU,saigo
最近,さいきん,gần đây,tối cận,saikin
最初,さいしょ,"beginning,first", TỐI SƠ,saisho
坂,さか,"slope,hill","PHẢN ĐẠO, ĐÁO",saka
盛ん,さかん,"popularity,prosperous",thịnh,sakan
魚,さかな,cá,ngư,sakana
先,さき,"the future,previous","ĐỘT TIÊN, TIẾN    ",saki
さっき,さっき,"vừa rồi, vừa lúc nãy","",sakki
咲く,さく,to bloom,tiếu,saku
作文,さくぶん,bài văn,tác văn,sakubun
寒い,さむい,"lạnh, rét (dùng cho thời tiết)",hàn,samui
三,さん,three,"TAM, TÁM LƯU",san
サンダル,サンダル,sandal,"",sandaru
サンドイッチ,サンドイッチ,bánh San Uých,"",sandoicchi
産業,さんぎょう,industry, SẢN NGHIỆP,sangyou
散歩,さんぽする,to stroll,TAN BỘ ,sanposuru
サラダ,サラダ,salad,"",sarada
さ来月,さらいげつ,the month after next,"",saraigetsu
さ来年,さらいねん,year after next,"",sarainen
さ来週,さらいしゅう,the week after next,"",saraishuu
差し上げる,さしあげる,(polite) to give,"",sashiageru
差す,さす,"to stretch out hands,to raise an umbrella",sai,sasu
砂糖,さとう,đường,sa đường,satou
騒ぐ,さわぐ,"to make noise,to be excited",tao,sawagu
触る,さわる,to touch,xúc,sawaru
背,せ,"height,stature","BỐI, BỘI QUẢNG",se
背広,せびろ,business suit,"BỐI, BỘI QUẢNG",sebiro
セーター,セーター,"sweater,jumper","",seetaa
政治,せいじ,chính trị,chính trị,seiji
生活,せいかつ・する,to live, SINH HOẠT,seikatsu・suru
生産,せいさん・する,to produce,"SANH, SINH SẢN",seisan・suru
生徒,せいと,"học sinh, học trò",sinh đồ,seito
西洋,せいよう,western countries,"TÂY, TÊ DƯƠNG",seiyou
世界,せかい,thế giới,chính giới,sekai
席,せき,ho (～がでます：bị ho),"",seki
せっけん,せっけん,xà phòng,"",sekken
狭い,せまい,"chật, hẹp ",hiệp,semai
線,せん,nghìn,thiên,sen
千,せん,nghìn,thiên,sen
背中,せなか,back of the body, BỐI TRUNG,senaka
先月,せんげつ,last month,"TIÊN, TIẾN NGUYỆT",sengetsu
先輩,せんぱい,senior, TIỀN BỐI              ,senpai
先生,せんせい,thầy/ cố (không dùng khi nói về nghề nghiệp giáo viên của mình),tiên sinh,sensei
先週,せんしゅう,tuần trước,tiên chu,senshuu
戦争,せんそう,chiến tranh,chiến tranh,sensou
洗濯,せんたく,washing, TẨY TRẠC,sentaku
説明,せつめい,explanation,"THUYẾT, DUYỆT, THUẾ MINH",setsumei
世話,せわ・する,to look after,THẾ THOẠI,sewa・suru
社長,しゃちょう,giám đốc ,xã trưởng,shachou
社会,しゃかい,xã hội,xã hội,shakai
写真,しゃしん,ảnh,tả chân,shashin
シャツ,シャツ,áo sơ mi,"",shatsu
シャワー,シャワー,vòi hoa sen,"",shawaa
市,し,city,ĐÔ THỊ,shi
四,し/よん,four, TỨ CHI,shi/yon
試合,しあい,trận đấu ,thí hợp,shiai
しばらく,しばらく,"một khoảng thời gian ngắn, một lúc, một lát","",shibaraku
七,しち/なな,seven,THẤT TINH,shichi/nana
仕事,しごと,job,SĨ SỰ,shigoto
しかる,しかる,a particular,"",shikaru
しかし,しかし,"nhưng, tuy nhiên","",shikashi
仕方,しかた,method,SĨ PHƯƠNG,shikata
試験,しけん,"kỳ thi, bài thi",thí nghiệm,shiken
しっかり,しっかり,"firmly,steadily","",shikkari
島,しま,island,CÔ ĐẢO,shima
閉まる,しまる,"to close,to be closed",bế,shimaru
締める,しめる,to tie,đế,shimeru
閉める,しめる,to close something,bế,shimeru
市民,しみん,citizen,THỊ DÂN,shimin
品物,しなもの,"hàng hóa, mặt hàng",phẩm vật,shinamono
新聞,しんぶん,báo,tân văn,shinbun
新聞社,しんぶんしゃ,"công ty phát hành báo, tòa soạn báo",tân văn xã,shinbunsha
心配,しんぱい・する,to worry,TÂM PHỐI,shinpai・suru
親切,しんせつ,kindness,THÂN THIẾT,shinsetsu
死ぬ,しぬ,to die,tử,shinu
塩,しお,muối,diêm,shio
失敗,しっぱい,"failure,mistake",THẤT BẠI,shippai
調べる,しらべる,to investigate,điều,shiraberu
知らせる,しらせる,to notify,tri,shiraseru
白,しろ,màu trắng,bạch,shiro
白い,しろい,trắng,bạch,shiroi
知る,しる,to know,tri,shiru
下,した,dưới,hạ,shita
下着,したぎ,quần áo lót,hạ trước,shitagi
支度,したく・する,to prepare,CHI ĐỘ,shitaku・suru
質問,しつもん,question, CHẤT VẤN        ,shitsumon
静か,しずか,quiet,tĩnh,shizuka
食堂,しょくどう,nhà ăn,thực đường,shokudou
食事,しょくじ・する,to have a meal, THỰC SỰ         ,shokuji・suru
食料品,しょくりょうひん,groceries,"",shokuryouhin
承知,しょうち・する,to consent,"THỪA TRI, TRÍ",shouchi・suru
小学校,しょうがっこう,trường tiểu học,tiểu học hiệu,shougakkou
紹介,しょうかい,introduction, THIỆU GIỚI,shoukai
将来,しょうらい,tương lai,tướng lai,shourai
小説,しょうせつ,tiểu thuyết,tiểu thuyết,shousetsu
招待,しょうたい・する,to invite, CHIÊU ĐÃI TRẠNG,shoutai・suru
しょうゆ,しょうゆ,xì dầu,"",shouyu
宿題,しゅくだい,bài tập về nhà (～をします: làm bài tập),túc đề,shukudai
趣味,しゅみ,"sở thích, thú vui",thú vị,shumi
出発,しゅっぱつ・する,to depart,  XUẤT PHÁT,shuppatsu・suru
出席,しゅっせき・する,to attend,XUẤT TỊCH,shusseki・suru
習慣,しゅうかん,tập quán,tập quán,shuukan
そば,そば,"near,beside","",soba
祖母,そぼ,bà (dùng với bản thân),tổ mẫu,sobo
そっち,そっち,"phía đó, chỗ đó (cách nói thân mật của 「そちら」)","",socchi
そちら,そちら,"phía đó, đằng đó, chỗ đó, đó (cách nói lịch sự của 「そこ」)","",sochira
育てる,そだてる,"to rear,to bring up",dục,sodateru
祖父,そふ,ông (dùng với bản thân),tổ phụ,sofu
ソフト,ソフト,soft,"",sofuto
そこ,そこ,"chỗ đó, đó","",soko
そんな,そんな,that sort of,"",sonna
そんなに,そんなに,(không)~ lắm,"",sonnani
その,その,that,"",sono
空,そら,bầu trời,không,sora
それ,それ,"cái đó, đó (vật ở gần người nghe)","",sore
それで,それで,"thế thì, thế nên","",sorede
それでは,それでは,in that situation,"",soredeha
それほど,それほど,to that extent,"",sorehodo
それから,それから,"sau đó, tiếp theo","",sorekara
それに,それに,"thêm nữa là, thêm vào đó là","",soreni
そろそろ,そろそろ,"gradually,soon","",sorosoro
外,そと,ngoài,ngoại,soto
卒業,そつぎょう,graduation,TỐT NGHIỆP,sotsugyou
そう,そう,Đúng vậy,"",sou
相談,そうだん・する,to discuss,TƯƠNG ĐÀM,soudan・suru
掃除,そうじする,"to clean, to sweep", TẢO TRỨ              ,soujisuru
そうして/そして,そうして/そして,and,"",soushite/soshite
すばらしい,すばらしい,tuyệt vời,"",subarashii
滑る,すべる,"to slide,to slip",hoạt,suberu
過ぎる,すぎる,to exceed,quá,sugiru
凄い,すごい,"ghê quá, giỏi quá (dùng để bày tỏ sự ngạc nhiên hoặc thán phục)","",sugoi
すぐに,すぐに,instantly,"",suguni
水道,すいどう,nước máy,thủy đạo,suidou
水泳,すいえい,"bơi, môn bơi",thủy vịnh,suiei
水曜日,すいようび,thứ tư,thủy diệu nhật,suiyoubi
スカート,スカート,skirt,"",sukaato
好き,すき,likeable,hảo,suki
すっかり,すっかり,completely,"",sukkari
少し,すこし,"ít, một ít","thiếu, thiểu",sukoshi
すく,すく,to become empty,"",suku
少ない,すくない,a few,thiểu,sukunai
スクリーン,スクリーン,screen,"",sukuriin
隅,すみ,góc,ngung,sumi
済む,すむ,to finish,tế,sumu
住む,すむ,to live in,trụ,sumu
砂,すな,sand, SA ĐƯỜNG,suna
スポーツ,スポーツ,sport,"",supootsu
スプーン,スプーン,thìa,"",supuun
すり,すり,pickpocket,"",suri
スリッパ,スリッパ,slippers,"",surippa
する,する,to do,"",suru
すると,すると,"sau đó, tiếp đó, rồi, khi ~ như vậy thì","",suruto
進む,すすむ,to make progress,tiến,susumu
ステーキ,ステーキ,steak,"",suteeki
ステレオ,ステレオ,stereo,"",sutereo
捨てる,すてる,to throw away,xả,suteru
ストーブ,ストーブ,heater,"",sutoobu
すっと,すっと,"straight,all of a sudden","",sutto
吸う,すう,"to smoke,to suck",hấp,suu
数学,すうがく,"mathematics,arithmetic",SỐ HỌC ,suugaku
スーツ,スーツ,com-lê,"",suutsu
スーツケース,スーツケース,suitcase,"",suutsukeesu
座る,すわる,to sit,tọa,suwaru
涼しい,すずしい,mát,lương,suzushii
たばこ,たばこ,thuốc lá,"",tabako
食べ物,たべもの,đồ ăn,thực vật,tabemono
食べる,たべる,to eat,thực,taberu
たぶん,たぶん,"Chắc, có thể",đa phân,tabun
正しい,ただしい,"đúng, chính xác",chính,tadashii
台風,たいふう,bão,đài phong,taifuu
たいへん,たいへん,difficult situation,"",taihen
たいへん,たいへん,very,"",taihen
退院,たいいん・する,to leave hospital,"THỐI, THOÁI VIỆN",taiin・suru
タイプ,タイプ,"type,style","",taipu
大切,たいせつ,important,ĐẠI THIẾT,taisetsu
大使館,たいしかん,đại sứ quán,đại sứ quán,taishikan
たいてい,たいてい,"thường, thông thường","",taitei
高い,たかい,"đắt, cao",cao,takai
たくさん,たくさん,nhiều,"",takusan
タクシー,タクシー,tắc-xi,"",takushii
卵,たまご,trứng ,noãn,tamago
たまに,たまに,thỉnh thoảng (tần suất nhỏ hơn ときどき),"",tamani
為,ため,in order to,"SỞ VI, VỊ",tame
棚,たな,giá sách,bằng,tana
誕生日,たんじょうび,sinh nhật,đản sinh nhật,tanjoubi
頼む,たのむ,to ask,lại,tanomu
楽しい,たのしい,vui,"lạc, nhạc",tanoshii
楽しみ,たのしみ,"niềm vui, điều vui","lạc, nhạc",tanoshimi
楽む,たのしむ,to enjoy oneself,"nhạc,lạc",tanoshimu
倒れる,たおれる,to break down,đảo,taoreru
足りる,たりる,to be enough,túc,tariru
確か,たしか,nếu không lầm thì,xác,tashika
足す,たす,to add a number,túc,tasu
畳,たたみ,Japanese straw mat, ,tatami
たて,たて,"length,height","",tate
建物,たてもの,tòa nhà,kiến vật,tatemono
建てる,たてる,to build,kiến,tateru
立てる,たてる,to stand something up,lập,tateru
例えば,たとえば,ví dụ (như),lệ,tatoeba
立つ,たつ,to stand,lập,tatsu
尋ねる,たずねる,to ask,tầm,tazuneru
訪ねる,たずねる,to visit,phóng,tazuneru
手,て,hand,THỦ TỤC,te
手袋,てぶくろ,cái găng tay,thủ đại,tebukuro
テーブル,テーブル,table,"",teeburu
テープ,テープ,tape,"",teepu
テープレコーダー,テープレコーダー,tape recorder,"",teepurekoodaa
手紙,てがみ,thư,thủ chỉ,tegami
丁寧,ていねい,polite,ĐINH NINH,teinei
テキスト,テキスト,"text,text book","",tekisuto
適当,てきとう,suitability,"THÍCH, ĐÍCH, QUÁT ĐƯƠNG, ĐANG, ĐÁNG",tekitou
点,てん,"point,dot",MÃN ĐIỂM,ten
店員,てんいん,shop assistant,"ĐIẾM VIÊN, VÂN",tenin
テニス,テニス,quần vợ,"",tenisu
天気,てんき,thời tiết,thiên khí,tenki
天気予報,てんきよほう,dự báo thời tiết,thiên khí dự báo,tenkiyohou
展覧会,てんらんかい,triển lãm,triển lãm hội,tenrankai
寺,てら,temple,TỰ,tera
テレビ,テレビ,tivi,"",terebi
テスト,テスト,"Bài kiểm tra, bài thi","",tesuto
手伝う,てつだう,to assist,"",tetsudau
戸,と,Japanese style door,HỘ KHẨU,to
都,と,metropolitan,"THỦ, THÚ ĐÔ",to
飛ぶ,とぶ,"to fly,to hop",phi,tobu
途中,とちゅう,on the way,ĐỒ TRUNG,tochuu
届ける,とどける,to reach,giới,todokeru
トイレ,トイレ,"nhà vệ sinh, phòng vệ sinh, toa-lét","",toire
時計,とけい,đồng hồ,thời kế,tokei
時々,ときどき,thỉnh thoảng,thời,tokidoki
特急,とっきゅう,tàu tốc hành đặc biệt,đặc cấp,tokkyuu
所,ところ,"nơi, chỗ",sở,tokoro
とこや,とこや,hiệu cắt tóc,sàng ốc,tokoya
特別,とくべつ,special,ĐẶC BIỆT,tokubetsu
特に,とくに,đặc biệt,đặc,tokuni
泊まる,とまる,to lodge at,bạc,tomaru
止まる,とまる,to come to a halt,chỉ,tomaru
止める,とめる,to stop something,chỉ,tomeru
友達,ともだち,"bạn, bạn bè",hữu đạt,tomodachi
隣,となり,bên cạnh,lân,tonari
遠い,とおい,far,viễn,tooi
十日,とおか,"ten days,the tenth day","THẬP NHẬT, NHỰT",tooka
遠く,とおく,distant,viễn,tooku
通る,とおる,to go through,thông,tooru
鳥,とり,chim,điểu,tori
取り替える,とりかえる,to exchange,"",torikaeru
とり肉,とりにく,thịt gà,điểu nhục,toriniku
撮る,とる,to take a photo or record a film,toát,toru
取る,とる,to take something,thủ,toru
年,とし,year,KHÁCH NIÊN,toshi
図書館,としょかん,thư viện,đồ thư quán,toshokan
とても,とても,"rất, lắm","",totemo
とうとう,とうとう,"finally, after all","",toutou
続ける,つづける,to continue,tục,tsudzukeru
続く,つづく,to be continued,tục,tsudzuku
次,つぎ,next, ,tsugi
都合,つごう,"circumstances,convenience",ĐÔ HỢP,tsugou
一日,ついたち,ngày mồng 1,nhất nhật,tsuitachi
捕まえる,つかまえる,to seize,bộ,tsukamaeru
疲れる,つかれる,to get tired,bì,tsukareru
使う,つかう,to use,sử,tsukau
漬ける,つける,"to soak,to pickle",tí,tsukeru
つける,つける,to turn on,"",tsukeru
つき,つき,"mặt trăng, trăng",nguyệt,tsuki
着く,つく,to arrive at,trứ,tsuku
付く,つく,to be attached,phó,tsuku
机,つくえ,cái bàn,cơ,tsukue
作る,つくる,to make,tác,tsukuru
妻,つま,(humble) wife," LƯƠNG THÊ, THẾ",tsuma
つまらない,つまらない,"buồn tẻ, không hấp dẫn, không thú vị","",tsumaranai
冷たい,つめたい,"lạnh, buốt (dùng cho cảm giác)",lãnh,tsumetai
つもり,つもり,intention,"",tsumori
連れる,つれる,to lead,liên,tsureru
釣る,つる,to fish,điếu,tsuru
伝える,つたえる,to report,truyền,tsutaeru
勤める,つとめる,to work for someone,cần,tsutomeru
包む,つつむ,to wrap,bao,tsutsumu
強い,つよい,mạnh,"cường, cưỡng",tsuyoi
うち,うち,nhà,"",uchi
腕,うで,arm,"OẢN, UYỂN THỦ, THÚ",ude
上,うえ,trên,thượng,ue
植える,うえる,"to plant,to grow",thực,ueru
動く,うごく,to move,động,ugoku
うかがう,うかがう,to visit,"",ukagau
受ける,うける,to take a lesson or test,thụ,ukeru
受付,うけつけ,"bộ phận tiếp tân, phòng thường 
trực",thụ phụ,uketsuke
うまい,うまい,ngon,"",umai
生まれる,うまれる,to be born,"sanh,sinh",umareru
海,うみ,"biển, đại dương",hải,umi
うん,うん,(informal) yes,"",un
運動,うんどう・する,to exercise,VẬN ĐỘNG,undou・suru
運転手,うんてんしゅ,lái xe,vận chuyển thủ,untenshu
運転,うんてん・する,to drive,VẬN,unten・suru
裏,うら,reverse side,BIỂU LÍ,ura
うれしい,うれしい,vui,"",ureshii
売り場,うりば,quầy bán,mại trường,uriba
売る,うる,to sell,mại,uru
煩い,うるさい,"ồn ào, (âm thanh) to","",urusai
後ろ,うしろ,sau,"",ushiro
うそ,うそ,"nói dối, lời nói dối","",uso
薄い,うすい,mỏng,bạc,usui
歌,うた,bài hát,ca,uta
歌う,うたう,to sing,ca,utau
打つ,うつ,to hit,đả,utsu
美しい,うつくしい,đẹp,mĩ,utsukushii
移る,うつる,to move house or transfer,di,utsuru
写す,うつす,to copy or photograph,tả,utsusu
上着,うわぎ,áo khoác,thượng trước,uwagi
ワープロ,ワープロ,Máy đánh chữ,"",waapuro
ワイシャツ,ワイシャツ,business shirt,"",waishatsu
若い,わかい,trẻ,nhược,wakai
別れる,わかれる,to separate,biệt,wakareru
分かる,わかる,to be understood,,wakaru
沸かす,わかす,"to boil,to heat",phí,wakasu
訳,わけ,"meaning,reason",Ý ,wake
沸く,わく,"to boil, to grow hot,to get excited",phí,waku
笑う,わらう,"to laugh,to smile",tiếu,warau
割れる,われる,to break,cát,wareru
割合,わりあい,"rate,ratio,percentage","CÁT HỢP, CÁP, HIỆP",wariai
悪い,わるい,xấu,"ác, ố",warui
忘れ物,わすれもの,vật để quên,vong vật,wasuremono
忘れる,わすれる,to forget,vong,wasureru
私,わたくし,"(humble) I,myself",TƯ VẬT,watakushi
渡る,わたる,to go across,độ,wataru
私,わたし,tôi,tư,watashi
渡す,わたす,to hand over,độ,watasu
やはり/やっぱり,やはり/やっぱり,"as I thought,absolutely","",yahari/yappari
焼ける,やける,"to burn,to be roasted",thiêu,yakeru
焼く,やく,"to bake,to grill",thiêu,yaku
役に立つ,やくにたつ,to be helpful,"",yakunitatsu
約束,やくそく,"cuộc hẹn, lời hứa",ước thúc,yakusoku
山,やま,núi,sơn,yama
止める,やめる,to stop,chỉ,yameru
止む,やむ,to stop,chỉ,yamu
八百屋,やおや,greengrocer,BÁT BÁCH ỐC,yaoya
やる,やる,to do,"",yaru
野菜,やさい,rau,dã thái,yasai
易しい,やさしい,dễ,"dị, dịch",yasashii
優しい,やさしい,dễ,"dị, dịch",yasashii
痩せる,やせる,to become thin,"",yaseru
安い,やすい,rẻ,an,yasui
休み,やすみ,"nghỉ, nghỉ phép, ngày nghỉ",hưu,yasumi
休む,やすむ,to rest,hưu,yasumu
やっと,やっと,cuối cùng thì,"",yatto
八つ,やっつ,tám cái,"",yattsu
柔らかい,やわらかい,mềm,nhuyễn,yawarakai
呼ぶ,よぶ,"to call out,to invite",hô,yobu
汚れる,よごれる,to get dirty,ô,yogoreru
四日,よっか,"ngày mồng 4, 4 ngày",tứ nhật,yokka
横,よこ,bên cạnh,hoành,yoko
よく,よく,"tốt, rõ (chỉ mức độ)","",yoku
読む,よむ,to read,đọc,yomu
より、ほう,より、ほう,Used for comparison.,"","yori,hou"
喜ぶ,よろこぶ,to be delighted,hỉ,yorokobu
よろしい,よろしい,"(respectful) OK,all right","",yoroshii
寄る,よる,tối,dạ,yoru
夜,よる,tối,dạ,yoru
予習,よしゅう,preparation for a lesson," DƯ, DỮ TẬP",yoshuu
予定,よてい,"kế hoạch, dự định",dự định,yotei
四つ,よっつ,bốn cái,"",yottsu
用,よう,use,LỘ DỤNG,you
洋服,ようふく,quần áo kiểu Tây Âu,dương phục,youfuku
用意,ようい,preparation,DỤNG Ý,youi
用事,ようじ,"việc bận, công chuyện",dụng sự,youji
八日,ようか,"ngày mồng 8, 8 ngày",bát nhật,youka
弱い,よわい,yếu,nhược,yowai
予約,よやく,reservation, DỰ ƯỚC,yoyaku
湯,ゆ,hot water,"SẢN THANG, SƯƠNG, THÃNG",yu
指,ゆび,finger,"CHỈ SỔ, SỐ, SÁC, XÚC",yubi
指輪,ゆびわ,cái nhẫn,chỉ luân,yubiwa
雪,ゆき,tuyết,tuyết,yuki
ゆっくりと,ゆっくりと,slowly,"",yukkurito
行く,ゆく,to go,hành,yuku
夢,ゆめ,"giấc mơ, ước mơ (~　をします：mơ, mơ ước)",mộng,yume
輸入,ゆにゅう・する,to import,THÂU NHẬP,yunyuu・suru
揺れる,ゆれる,"to shake,to sway",dao,yureru
輸出,ゆしゅつ・する,to export,THÂU XUẤT,yushutsu・suru
昨夜,ゆうべ,"tối qua, đêm qua","",yuube
郵便局,ゆうびんきょく,bưu điện,bưu tiện cục,yuubinkyoku
夕方,ゆうがた,chiều tối,tịch phương,yuugata
夕飯,ゆうはん,dinner,"TỊCH PHẠN, PHÃN",yuuhan
有名,ゆうめい,famous, HỮU DANH,yuumei
残念,ざんねん,disappointment, TÀN NIỆM ,zannen
雑誌,ざっし,tạp chí,tạp chí,zasshi
ぜひ,ぜひ,"nhất định, rất",thị phi,zehi
全部,ぜんぶ,"toàn bộ, tất cả",toàn bộ,zenbu
ぜんぜん,ぜんぜん,hoàn toàn ~ không,toàn nhiên,zenzen
ゼロ,ゼロ,zero,"",zero
ズボン,ズボン,cái quần,"",zubon
ずいぶん,ずいぶん,"khá, tương đối","",zuibun
